Nome,Apelido,Time
Alan Kardec de Souza Pereira Junior,Alan Kardec,Atlético Mineiro-MG
Alan Steven Franco Palma,Alan Franco,Atlético Mineiro-MG
Alexandre Lopes Gomes,Alexandre Lopes,Atlético Mineiro-MG
Alisson Santana Lopes da Fonseca,Alisson Santana,Atlético Mineiro-MG
Allan Rodrigues de Souza,Allan,Flamengo-RJ
Athyrson Ferreira Prates,Athyrson,Atlético Mineiro-MG
Bruno de Lara Fuchs,Bruno Fuchs,Atlético Mineiro-MG
Caio da Silva Maia,Caio Maia,Atlético Mineiro-MG
Caio Henrique Ribas Dias de Araujo,CAIO RIBAS,Atlético Mineiro-MG
Carlos Eduardo Amaral Pereira de Castro,Cadu,Atlético Mineiro-MG
Cristian David Pavon,Pavon,Atlético Mineiro-MG
Daniel Borges da Silva,Daniel Borges,Atlético Mineiro-MG
Diego Fernandes Simoes,Diego Fernandes,Atlético Mineiro-MG
Edenilson Andrade dos Santos,Edenilson,Atlético Mineiro-MG
Eduardo Jesus Vargas Rojas,Vargas,Atlético Mineiro-MG
Emanuel Pereira dos Santos,Emanuel Pereira,Time nao encontrado
Everson Felipe Marques Pires,Everson,Atlético Mineiro-MG
Federico Matias Zaracho,Zaracho,Atlético Mineiro-MG
Gabriel Atila Cardoso da Silva,Gabriel Átila,Atlético Mineiro-MG
Gabriel Delfim Ferreira,Gabriel Delfim,Atlético Mineiro-MG
Givanildo Vieira de Sousa,Hulk,Atlético Mineiro-MG
Guilherme Antonio Arana Lopes,Guilherme Arana,Atlético Mineiro-MG
Hyoran Kaue Dalmoro,Hyoran,Atlético Mineiro-MG
Igor Rabello da Costa,Igor,Atlético Mineiro-MG
Igor Silveira Gomes,Igor Gomes,Atlético Mineiro-MG
Isaac Aguiar Tomich,Isaac,Atlético Mineiro-MG
Jadson Alves de Lima,Jadson,Atlético Mineiro-MG
Jemerson de Jesus Nascimento,Jemerson,Atlético Mineiro-MG
Joao Rafael Macedo Pereira,Joao Rafael,Atlético Mineiro-MG
Jose Rodolfo Pires Ribeiro,Dodo,Santos-SP
Kauan Silva Sales,KAUAN,Time nao encontrado
Kayque Ryann Santos Silva,KAYQUE,Atlético Mineiro-MG
Leandro Josue Rodriguez Santaella,Leandro,Atlético Mineiro-MG
Leonardo dos Santos Lopes da Silva,Leonardo Santos,Atlético Mineiro-MG
Mariano Ferreira Filho,Mariano,Atlético Mineiro-MG
Mateus Jose Iseppe,Mateus Iseppe,Atlético Mineiro-MG
Matheus Mendes Werneck de Oliveira,Matheus Mendes,Atlético Mineiro-MG
Nathanael Ananias da Silva,Nathan Silva,Time nao encontrado
Otavio Henrique Passos Santos,Otavio,Atlético Mineiro-MG
Paolo Mauricio Lemos Merladett,Muricio Lemos,Atlético Mineiro-MG
Patrick Bezerra do Nascimento,Patrick,Atlético Mineiro-MG
Paulo Henrique Sampaio Filho,Paulinho,Atlético Mineiro-MG
Paulo Vitor Monteiro,Vitinho,Atlético Mineiro-MG
Pedro Victor Delmino da Silva,Pedrinho,Atlético Mineiro-MG
Renan Cunha Macedo Santana,Renan,Atlético Mineiro-MG
Renzo Saravia,Renzo Saravia,Atlético Mineiro-MG
Rever Humberto Alves de Araujo,Rever,Atlético Mineiro-MG
Rodrigo Andrés Battaglia,Rodrigo Battaglia,Atlético Mineiro-MG
Romulo Helberte Pereira Junior,Rômulo,Atlético Mineiro-MG
Rubens Antonio Dias,Rubens,Atlético Mineiro-MG
Victor Hugo da Silva Costa,Vitinho,Time nao encontrado
Vitor Gabriel Reis Guimaraes,Vitor Gabriel,Atlético Mineiro-MG
Vitor Hugo Santos Graziani,Vitor Graziani,Atlético Mineiro-MG
Yan Philipe Oliveira Lemos,Yan Philipe,Atlético Mineiro-MG
Adailson Freire Pereira da Silva,Adailson,Time nao encontrado
Adilson dos Anjos Oliveira,Juninho,America Saf-MG
Adyson do Nascimento Soares,ADYSON,America Saf-MG
Alexandre Egea,Ale,America Saf-MG
Aloisio dos Santos Goncalves,Aloisio,America Saf-MG
Arthur Augusto de Matos Soares,Arthur,Time nao encontrado
Breno Cascardo Lemos,Breno Lemos,America Saf-MG
Daniel Fortunato Borges,Daniel Borges,America Saf-MG
Danilo Fernando Avelar,Danilo,America Saf-MG
Eder Ferreira Graminho,Eder,America Saf-MG
Esteban Rodrigo Burgos,Esteban Burgos,America Saf-MG
Everaldo Silva do Nascimento,Everaldo,America Saf-MG
Felipe Azevedo dos Santos,Felipe Azevedo,America Saf-MG
Gonzalo Mathias Mastriani Borges,Gonzalo Mastriani,America Saf-MG
Gustavo Marques Alves dos Santos,Gustavo,Time nao encontrado
Henrique Almeida Caixeta Nascentes,H. Almeida,Vila Nova-GO
Iago Justen Maidana Martins,Iago,America Saf-MG
Ighor Gabryel Vieira Gonçalves,Ighor Gabriel,America Saf-MG
Jonathan Alecxander da Silva Valerio,Jonathan Alecxander,America Saf-MG
Joriwinnyson Santos dos Anjos Rodrigues,Joriwinnyson,America Saf-MG
Juan Ramon Cazares Sevillano,Cazares,America Saf-MG
Julio Cesar Alves Gonçalves,Julio,America Saf-MG
Kaua Diniz Rocha,kaua,America Saf-MG
Leandro Emmanuel Martinez,Emmanuel Martinez,America Saf-MG
Luan de Campos Cristino da Silva,LUAN,Time nao encontrado
Lucas Kal Schenfeld Prigioli,Lucas,America Saf-MG
Marcio Almeida de Oliveira,Marcinho,America Saf-MG
Marlon Matheus Lopes do Nascimento,Marlon,America Saf-MG
Martin Nicolas Benitez,Martin Benitez,America Saf-MG
Mateus Goncalves Martins,Mateus Gonçalves,Vitória-BA
Mateus Henrique Alves Silva,Mateus,America Saf-MG
Mateus Pasinato,Mateus,America Saf-MG
Matheus Fernando Cavichioli,Matheus,America Saf-MG
Matheus Leonardo Sales Cardoso,Matheusinho,America Saf-MG
Mikael Filipe Viana de Sousa,MIKAEL,America Saf-MG
Natan Rodrigues de Sales,Natan,America Saf-MG
Nicolas Vichiatto da Silva,Nicolas,America Saf-MG
Oscar Javier Mendez Albornoz,Javier Mendez,America Saf-MG
Paulo Henrique Pereira da Silva,Paulo,America Saf-MG
Paulo Ricardo Alves Ibelli,PAULO,America Saf-MG
Pedro Gabriel Pereira Lopes,Pedrinho,America Saf-MG
Rafael Raul Barcelos,Rafa,America Saf-MG
Renato Kayzer de Souza,Renato Kayzer,America Saf-MG
Renato Marques de Oliveira Junior,Renato,America Saf-MG
Ricardo Cesar Dantas da Silva,Ricardo Silva,America Saf-MG
Robson Luiz dos Santos Nascimento,Robson,Time nao encontrado
Rodrigo Henrique Santos de Souza,Rodrigo,America Saf-MG
Rodrigo Santos Varanda,Rodrigo Varanda,America Saf-MG
Samuel Alves Barroso,SAMUEL ALVES,America Saf-MG
Severino do Ramo Clementino da Silva,Nino Paraiba,Paysandu-PA
Wanderson Santos Pereira,Wanderson,America Saf-MG
Washington Omar Aguerre Lima,Aguerre,America Saf-MG
Wellington Pereira do Nascimento,Wellington Paulista,America Saf-MG
Yago Santos de Andrade,Yago,America Saf-MG
Yago Souza de Santana,Yago,America Saf-MG
Agustin Canobbio Graviz,Canobbio,Athletico Paranaense-PR
Alex Paulo Menezes Santana,Alex Santana,Athletico Paranaense-PR
Arthur Zanella Koerich,Zanella,Athletico Paranaense-PR
Arturo Erasmo Vidal Pardo,VIDAL,Athletico Paranaense-PR
Bento Matheus Krepski,Bento,Athletico Paranaense-PR
Bruno da Silva Peres,Bruno Peres,Athletico Paranaense-PR
Bruno Zapelli,Zapelli,Athletico Paranaense-PR
Bryan Jahir Garcia Realpe,Bryan Garcia,Time nao encontrado
Carlos de Menezes Junior,Cacá,Athletico Paranaense-PR
Carlos Eduardo Santos,Biro,Athletico Paranaense-PR
Christian Roberto Alves Cardoso,Christian,Athletico Paranaense-PR
Daniel Sergio Martins,Danielzinho,Athletico Paranaense-PR
Eduardo Kogitzki Anastacio,Dudu,Athletico Paranaense-PR
Emersonn Correia da Silva,Emersonn,Athletico Paranaense-PR
Erick Luis Conrado Carvalho,Erick,Athletico Paranaense-PR
Felipe Chiqueti Bandeira,Chiqueti,Athletico Paranaense-PR
Fernando Augusto Pereira Bueno Junior,Fernando,Athletico Paranaense-PR
Fernando Luiz Roza,Fernandinho,Athletico Paranaense-PR
Fernando Nava Ortega,Fernando Nava,Athletico Paranaense-PR
Gabriel Roberto Pereira,Gabriel Pereira,Athletico Paranaense-PR
Hugo Moura Arruda da Silva,Hugo Moura,Athletico Paranaense-PR
João Victor Machado Cruz,João Cruz,Athletico Paranaense-PR
Joao Vitor Tavares da Mota,Joao Vitor,Athletico Paranaense-PR
Jose Ivaldo Almeida Silva,Ze Ivaldo,Time nao encontrado
Julimar Silva Oliveira Junior,Julimar,Mirassol-SP
Kaique Rocha Lima,Kaique,Athletico Paranaense-PR
Khellven Douglas Silva Oliveira,Khellven,Time nao encontrado
Leandro Filipe de Almeida Dornelles,Filipe,Athletico Paranaense-PR
Leonardo Ataide de Oliveira Siqueira,Ataide,Athletico Paranaense-PR
Leonardo Cittadini,Cittadini,Bahia-BA
Leonardo Derik Dias Goncalves,Leonardo Derik,Athletico Paranaense-PR
Leonardo Estigarribia Ferreira,Dourado,Athletico Paranaense-PR
Leonardo Matias Baiersdorf Linck,Leo Linck,Athletico Paranaense-PR
Lucas Angel Esquivel,Lucas Esquivel,Athletico Paranaense-PR
Lucas Belezi Barbosa,Lucas Belezi,Athletico Paranaense-PR
Lucca Prior Pimenta,Lucca,Athletico Paranaense-PR
Luciano Daniel Arriagada Garcia,Luciano Arriagada,Athletico Paranaense-PR
Luiz Fernando Salles de Castro,Sorriso,Athletico Paranaense-PR
Madson Ferreira dos Santos,Madson,Athletico Paranaense-PR
Marcelo Cirino da Silva,Marcelo Cirino,Time nao encontrado
Marcos Andre Paulino Maia,Marcão,Athletico Paranaense-PR
Matheus Felipe Santos Nascimento,Matheus Felipe,Athletico Paranaense-PR
Miguel David Terans Perez,David Terans,Time nao encontrado
Mycael Pontes Moreira,Mycael,Athletico Paranaense-PR
Pablo Felipe Teixeira,Pablo,Athletico Paranaense-PR
Pedro Henrique Azevedo Pereira,Pedrinho,Time nao encontrado
Pedro Henrique Ribeiro Goncalves,Pedro Henrique,Athletico Paranaense-PR
Reinaldo Nascimento Satorno,Reinaldo,Time nao encontrado
Renan Rodrigues Fonseca Viana,Renan Viana,Athletico Paranaense-PR
Romulo Jose Cardoso da Cruz,Romulo,Athletico Paranaense-PR
Thiago Eduardo de Andrade,Thiago,Athletico Paranaense-PR
Thiago Heleno Henrique Ferreira,Thiago Heleno,Athletico Paranaense-PR
Tomas Esteban Cuello,Cuello,Athletico Paranaense-PR
Vinicius Kaue Ribeiro Ferreira,Vinícius Kauê,Athletico Paranaense-PR
Vitor Frezarin Bueno,Vitor Bueno,Athletico Paranaense-PR
Vitor Hugo Roque Ferreira,Vitor Roque,Athletico Paranaense-PR
Willian Gomes de Siqueira,Willian,Athletico Paranaense-PR
Ademir da Silva Santos Junior,Ademir,Bahia-BA
Adriel Vasconcelos Ramos,Adriel,Bahia-BA
Alex Ferreira de Souza Junior,Alex,Bahia-BA
Andre Dhominique Queiroz Santiago da Silva,André Dhominique,Bahia-BA
Arthur de Oliveira Sales,Arthur Sales,Time nao encontrado
Camilo Damian Candido Aquino,Camilo Cándido,Bahia-BA
Cauly Oliveira Souza,Cauly,Bahia-BA
Daniel Sampaio Simoes,Daniel,Fluminense-RJ
Danilo Fernandes Batista,Danilo Fernandes,Bahia-BA
David de Duarte Macedo,David Duarte,Bahia-BA
Diego Gabriel Silva Rosa,Diego Rosa,Bahia-BA
Edivan Vitor da Silva Junior,Juninho,Bahia-BA
Eric dos Santos do Carmo,Eric,Bahia-BA
Everaldo Stum,Everaldo,Bahia-BA
Everton Macedo Moraes,Everton,Londrina-PR
Francisco Vitor Silva Costa,Jacare,Bahia-BA
Gabriel Lheman Xavier,Gabriel Xavier,Bahia-BA
Gabriel Teixeira Aragao,Biel,Bahia-BA
Gilberto Moraes Junior,Gilberto,Bahia-BA
Guilherme Santos Brito,Guilherme Brito,Bahia-BA
Icaro Gabriel Oliveira Peixoto,Icaro,Bahia-BA
Jhoanner Stalin Chavez Quintero,Chavez,Time nao encontrado
João Victor Broad Moreira Guimaraes,Jota,Bahia-BA
Julio Cesar de Rezende Miranda,Rezende,Bahia-BA
Kayky da Silva Chagas,Kayky Chagas,Time nao encontrado
Kennedy Anderson Gomes Ferreira,Kennedy,Bahia-BA
Lucas Andres Mugni,Mugni,Bahia-BA
Lucas Mazdiel Aruba Santos,Aruba,Bahia-BA
Luciano Batista da Silva Junior,Luciano Juba,Bahia-BA
Marcello Gesteira de Souza,Marcello,Bahia-BA
Marcos Felipe de Freitas Monteiro,Marcos Felipe,Bahia-BA
Marcos Victor Ferreira da Silva,Marcos Victor,Bahia-BA
Mateus Eduardo Claus,Mateus Claus,Bahia-BA
Matheus Bahia Santos,Matheus Bahia,Bahia-BA
Neuciano de Jesus Gusmao,Cicinho,Bahia-BA
Nicolas Brian Acevedo Tabarez,Acevedo,Bahia-BA
Patrick Verhon Pertel Pereira,Patrick Verhon,Bahia-BA
Paulo Ganem Souto Neto,Paulo Souto,Bahia-BA
Pedro Victor da Silva Santos,Vitinho,Bahia-BA
Rafael Rogerio da Silva,Rafael Ratão,Bahia-BA
Rafael Soares de Jesus,Rafael Soares,Bahia-BA
Raul Gustavo Pereira Bicalho,Raul Gustavo,Bahia-BA
Roger Gabriel Farias de Jesus,Roger,Bahia-BA
Roger Ruan Pereira Santos,Roger Pereira,Bahia-BA
Ryan Carlos Santos de Sousa,Ryan,Bahia-BA
Sidney de Carvalho Duarte,Sidney,Bahia-BA
Thaciano Mickael da Silva,Thaciano,Bahia-BA
Tiago Gomes dos Santos,Tiago Gomes,Bahia-BA
Tiago Souza de Jesus Carvalho,Tiago,Bahia-BA
Victor Hugo Soares dos Santos,Kanu,Bahia-BA
Vinicius Alessandro Mingotti,Mingotti,Bahia-BA
Vitor Hugo Franchescoli de Souza,Vitor Hugo,Bahia-BA
Wendel Santana Franca,Wendel Canela,Bahia-BA
Yago Felipe da Costa Rocha,Yago Felipe,Bahia-BA
Adryelson Shawann Lima Silva,Adryelson,Botafogo-RJ
Bartolomeu Jacinto Quissanga,Bastos,Botafogo-RJ
Bernardo da Silva Rocha Valim,Bernardo Valim,Botafogo-RJ
Breno Washington Rodrigues da Silva,Breno,Ceará-CE
Carlos Alberto Gomes da Silva Filho,Carlos Alberto,Botafogo-RJ
Carlos Eduardo de Oliveira Alves,Carlos,Botafogo-RJ
Danilo Barbosa da Silva,Danilo,Botafogo-RJ
Danilo das Neves Pinheiro,Tche Tche,Botafogo-RJ
David Sousa Albino,David Sousa,Botafogo-RJ
Diego da Silva Costa,Diego Costa,Botafogo-RJ
Diego Manuel Hernandez Gonzalez,Diego Hernandez,Botafogo-RJ
Douglas Borges,Douglas,Guarani-SP
Dylan Antonio Talero Arredondo,Dylan,Botafogo-RJ
Eduardo Fernandes Rodrigues de Souza,Eduardo,Botafogo-RJ
Fabiano Rodrigues Pereira,Fabiano,Botafogo-RJ
Fernando Marcal de Oliveira,Marcal,Botafogo-RJ
Francisco das Chagas Soares dos Santos,Tiquinho,Botafogo-RJ
Gabriel Appelt Pires,Gabriel,Botafogo-RJ
Gabriel Toebe Studt,GABRIEL,Botafogo-RJ
Gustavo Affonso Sauerbeck,Gustavo,Time nao encontrado
Henrique Vermudt,Henrique Vermudt,Botafogo-RJ
Hugo Gonçalves Ferreira Neto,Hugo,Botafogo-RJ
Igo Gabriel Santos Pereira,Igo Gabriel,Botafogo-RJ
Jacob Christian Montes,Jacob,Botafogo-RJ
Janderson de Carvalho Costa,Janderson,Botafogo-RJ
Jefferson Maciel Bento,JEFFERSON,Botafogo-RJ
João Fernando Monteiro Siqueira,João Fernando,Botafogo-RJ
João Pedro Galvão de Carvalho,JP Galvão,Botafogo-RJ
Joao Victor Santos Sa,Joao Victor,Botafogo-RJ
Jose Antonio dos Santos Junior,Junior,Botafogo-RJ
Kauê Rodrigues Pessanha,Kauê,Botafogo-RJ
Kayke Gouvêa Queiroz,KAYKE,Botafogo-RJ
Kayque Luiz Pereira,Kayque,Time nao encontrado
Leonel Di Placido,Di Placido,Botafogo-RJ
Lucas Domingues Piazon,Lucas,Time nao encontrado
Lucas Estella Perri,Lucas Perri,Botafogo-RJ
Lucas Fernandes da Silva,Lucas,Botafogo-RJ
Lucas Fonseca Gomes Barreto,Lucas,Botafogo-RJ
Luis Geovanny Segovia Vega,Luis Segovia,Time nao encontrado
Luis Henrique Tomaz de Lima,Luis Henrique,Botafogo-RJ
Marlon Rodrigues Freitas,Marlon Freitas,Botafogo-RJ
Mateo Ponte Costa,Mateo Ponte,Botafogo-RJ
Matheus Nascimento de Paula,Matheus Nascimento,Botafogo-RJ
Matias Emanuel Segovia Torales,Matias Segovia,Botafogo-RJ
Mauro Joel Carli,Carli,Time nao encontrado
Newton Araujo da Costa Junior,Newton,Botafogo-RJ
Philipe Sampaio Azevedo,Philipe,Botafogo-RJ
Rafael Pereira da Silva,Rafael,Botafogo-RJ
Rai da Silva Pessanha,RAI,Botafogo-RJ
Ramon Vargas de Jesus Farias,Ramon,Botafogo-RJ
Rhuan Lucas Gonçalves da Costa,RHUAN,Botafogo-RJ
Roberto Junior Fernandez Torres,Gatito Fernandes,Botafogo-RJ
Valentín Nicolás Adamo Reyes,Valentín Adamo,Botafogo-RJ
Victor Leandro Cuesta,Victor Cuesta,Botafogo-RJ
Vitor Hugo Morais de Oliveira,Sapata,Botafogo-RJ
Wallison Nunes Silva,Wallison,Botafogo-RJ
Yarlen Faustino Augusto,YARLEN,Botafogo-RJ
Abimael Pereira Maia,Bolt,Corinthians-SP
Adryan Bezerra Silva,Adryan Silva,Corinthians-SP
Adson Ferreira Soares,Adson,Time nao encontrado
Aluisio Chaves Ribeiro Moraes Junior,Aluisio,Time nao encontrado
Angel Rodrigo Romero Villamayor,Angel Romero,Corinthians-SP
Arthur Sousa Araujo,ARTHUR SOUSA,Corinthians-SP
Breno de Souza Bidon,Bidon,Corinthians-SP
Bruno Mendez Cittadini,Bruno Mendez,Corinthians-SP
Carlos Gilberto do Nascimento Silva,Gil,Corinthians-SP
Carlos Miguel dos Santos Pereira,Carlos,Corinthians-SP
Cassio Ramos,Cássio,Corinthians-SP
Chrystian Amaral Barletta de Almeida,Chrystian,Ceará-CE
Eduardo Santos Queiroz,Eduardo Santos Queiroz,Time nao encontrado
Fabian Cornelio Balbuena Gonzalez,Balbuena,Time nao encontrado
Fabio Santos Romeu,Fabio Santos,Corinthians-SP
Fagner Conserva Lemos,Fagner,Corinthians-SP
Fausto Mariano Vera,Fausto,Corinthians-SP
Felipe Augusto da Silva,Felipe Augusto,Corinthians-SP
Felipe Longo Fernandes da Silva,FELIPE,Corinthians-SP
Gabriel Henrique Soares da Silva,Gabriel,Corinthians-SP
Gabriel Silva Moscardo de Salles,Moscardo,Corinthians-SP
Giovane Santana do Nascimento,Giovane Nascimento,Corinthians-SP
Giuliano Victor de Paula,Giuliano,Corinthians-SP
Guilherme Sucigan Mafra Cunha,Guilherme Biro,Corinthians-SP
Gustavo Henric da Silva,Mosquito,Corinthians-SP
Higor Augusto Farias de Oliveira,HIGOR,Corinthians-SP
Joao Pedro de Sousa Rodrigues,Joao Pedro,Corinthians-SP
Joao Victor Andrade Caetano,Caetano,Corinthians-SP
Jose Paulo Bezerra Maciel Junior,Paulinho,Corinthians-SP
Kauê Vinicius de Souza Camargo,KAUÊ C.,Corinthians-SP
Kayke Ferrari Guimaraes,Kayke,Corinthians-SP
Leonardo Mana Hernandes,Léo Mana,Corinthians-SP
Lucas Verissimo da Silva,Lucas Verissimo,Corinthians-SP
Luiz Gustavo Lemos Carvalho,Luiz Gustavo,Corinthians-SP
Matheus Correa Leite de Moraes Gonçalves,Matheus Corrêa,Corinthians-SP
Matheus de Araujo Andrade,Matheus Araujo,Corinthians-SP
Matheus Lima Beltrao Oliveira,Matheus Bidu,Corinthians-SP
Matheus Planelles Donelli,Matheus Donelli,Corinthians-SP
Matias Nicolas Rojas Romero,Matias Rojas,Corinthians-SP
Maycon de Andrade Barberan,Maycon,Corinthians-SP
Murillo Santiago Costa dos Santos,Murillo,Time nao encontrado
Pedro Henrique de Assis,Pedrinho,Corinthians-SP
Pedro Henrique Silva dos Santos,Pedrinho,Corinthians-SP
Rafael Antonio Figueiredo Ramos,Rafael Ramos,Corinthians-SP
Renato Santos da Cruz,Renato,Corinthians-SP
Renato Soares de Oliveira Augusto,Renato Augusto,Corinthians-SP
Roger Krug Guedes,Roger Guedes,Time nao encontrado
Roni Medeiros de Moura,Roni,Corinthians-SP
Ruan de Oliveira Ferreira,RUAN,Corinthians-SP
Ryan Gustavo de Lima,RYAN,Corinthians-SP
Thomas Rafael Gonçalves Lisboa,Thomas,Corinthians-SP
Victor Danilo Cantillo Jimenez,Cantillo,Corinthians-SP
Victor de Oliveira Souza Silva,Vitinho,Corinthians-SP
Vinicius Cressi,Vinicius,Corinthians-SP
Vitor Alves Meer,Vitor Meer,Corinthians-SP
Wesley Gassova Ribeiro Teixeira,Wesley,Corinthians-SP
Yuri Alberto Monteiro da Silva,Yuri Alberto,Corinthians-SP
Alef Mangueira Severino Pereira,Alef Manga,Time nao encontrado
Andreas Samaris,Samaris,Coritiba S.a.f.-PR
Andrey Ramos do Nascimento,Andrey,Coritiba S.a.f.-PR
Benjamin Kuscevic Jaramillo,BENJAMIN,Coritiba S.a.f.-PR
Bruno Gomes da Silva Clevelario,Bruno Gomes,Coritiba S.a.f.-PR
Bruno Viana Willemen da Silva,Bruno Viana,Time nao encontrado
Damian Marcelino Moreno,Marcelino Moreno,Coritiba S.a.f.-PR
Diogo Batista de Souza,Diogo Batista,Coritiba S.a.f.-PR
Diogo de Oliveira Barbosa,Diogo,Coritiba S.a.f.-PR
Eberth Araujo Nogueira,Eberth,Coritiba S.a.f.-PR
Eduardo Nascimento da Silva Junior,Edu,Coritiba S.a.f.-PR
Fransergio Rodrigues Barbosa,Fransergio,Coritiba S.a.f.-PR
Gabriel Boschilia,Gabriel,Coritiba S.a.f.-PR
Gabriel Silva Azevedo Figueredo,Gabriel Silva,Coritiba S.a.f.-PR
Gabriel Vasconcelos Ferreira,Gabriel,Coritiba S.a.f.-PR
Guilherme Aquino Vargas dos Santos,Guilherme Aquino,Coritiba S.a.f.-PR
Gustavo Vilar dos Santos,Gustavo,Maringa Futebol Clube S.a.f.-PR
Hayner Willian Monjardim Cordeiro,Hayner,Coritiba S.a.f.-PR
Henrique Adriano Buss,Henrique,Coritiba S.a.f.-PR
Igor Matheus Liziero Pereira,Liziero,Time nao encontrado
Islam Slimani,Slimani,Coritiba S.a.f.-PR
Jamerson Santos de Jesus,Jamerson,Coritiba S.a.f.-PR
Jean Gabriel Silveira,Jean Gabriel,Coritiba S.a.f.-PR
Jean Henrique Carneiro Pedroso,Jean,Coritiba S.a.f.-PR
Jesé Rodriguez Ruiz,Jesé Rodriguez,Coritiba S.a.f.-PR
Joao Vitor da Silva Almeida,João Vitor,Coritiba S.a.f.-PR
Jorge Vinicius Ribeiro da Silva,Jorge Vinicius,Coritiba S.a.f.-PR
Kaio Cesar Andrade Lima,Kaio Lima,Coritiba S.a.f.-PR
Luan Polli Gomes,Luan Polli,Coritiba S.a.f.-PR
Lucas Henrique Barbosa,Lucas,Coritiba S.a.f.-PR
Lucas Ronier Vieira Pires,LUCAS RONIER,Coritiba S.a.f.-PR
Marco Antonio Amorim de Oliveira Montes,Marcão,Coritiba S.a.f.-PR
Matheus Henrique Bianqui,Matheus,Coritiba S.a.f.-PR
Mauricio de Carvalho Antonio,Mauricio,Coritiba S.a.f.-PR
Mauricio Garcez de Jesus,MAURICIO,Coritiba S.a.f.-PR
Natanael Moreira Milouski,Natanael Milouski,Coritiba S.a.f.-PR
Pedro Luccas Morisco da Silva,Pedro Morisco,Coritiba S.a.f.-PR
Reynaldo Cesar Moraes,Reynaldo,Coritiba S.a.f.-PR
Robson dos Santos Fernandes,Robson,Coritiba S.a.f.-PR
Rodrigo Cunha Pereira de Pinho,Rodrigo,Coritiba S.a.f.-PR
Ruan Lucas de Assis,Ruan Lucas,Coritiba S.a.f.-PR
Sebastian Gomez Londono,Sebastian Gomez,Coritiba S.a.f.-PR
Thalisson Gabriel Pereira Moreira,Thalisson Gabriel,Coritiba S.a.f.-PR
Thiago Dombroski Moreira,Thiago Dombroski,Coritiba S.a.f.-PR
Victor Luis Chuab Zamblauskas,Victor,Coritiba S.a.f.-PR
Wesley da Conceicao Duarte Moreira,Wesley Pomba,Ituano-SP
Willian Roberto de Farias,Willian Farias,Coritiba S.a.f.-PR
Anderson Silva da Paixão,Anderson Paixão,Cruzeiro Saf-MG
Antonio Francisco Moura Neto,Neto,Mirassol-SP
Arielson Sampaio Galvão,Arielson,Time nao encontrado
Arthur Gomes Lourenco,Arthur Gomes,Cruzeiro Saf-MG
Bruno Ferreira Alves,BRUNO ALVES,Cruzeiro Saf-MG
Bruno Rafael Rodrigues do Nascimento,Bruno Rodrigues,Cruzeiro Saf-MG
Carlos Daniel Gomez Ccasani,Carlos Gomez,Cruzeiro Saf-MG
Daniel de Melo Araujo Junior,Daniel JR,Time nao encontrado
Denilson Chaves Goulart,Denilson Goulart,Avaí-SC
Dorival Silva de Oliveira,DORIVAL,Cruzeiro Saf-MG
Fernando Henrique do Nascimento Pereira,Fernando,Cruzeiro Saf-MG
Gabriel Jose Ferreira Mesquita,Gabriel Mesquita,Cruzeiro Saf-MG
Gilberto Oliveira Souza Junior,Gilberto,Cruzeiro Saf-MG
Guilherme Meira Ferreira Alves,Gui Meira,Cruzeiro Saf-MG
Helibelton Palacios Zapata,Palacios,Cruzeiro Saf-MG
Henrique Fernandes da Silva,Henrique,Cruzeiro Saf-MG
Henrique Rodrigues Cardoso,Henrique,Cruzeiro Saf-MG
Hueglo dos Santos Neris,Neris,Cruzeiro Saf-MG
Ian Luccas Baroni Boetto,Ian,Cruzeiro Saf-MG
Igor Marques Paciencia Cardoso,Igor Marques Paciencia Cardoso,Time nao encontrado
Italo Isaac Pereira Lourenco,Italo,Cruzeiro Saf-MG
Jhosefer Raphael Januario,Jhosefer,Cruzeiro Saf-MG
Joao Marcelo Messias Ferreira,Joao Marcelo,Cruzeiro Saf-MG
João Pedro da Cruz Oliveira,João Pedro Oliveira,Cruzeiro Saf-MG
Joao Wellington Gadelha Melo de Oliveira,JAPA,Cruzeiro Saf-MG
Jose Henrique da Silva Dourado,Henrique Dourado,Chapecoense-SC
Juan Christian Pereira Coelho,Juan Christian,Vila Nova-GO
Kaiki Bruno da Silva,Kaiki Bruno,Cruzeiro Saf-MG
Lucas da Cruz Oliveira,Lucas Oliveira,Cruzeiro Saf-MG
Lucas Silva Borges,Lucas Silva,Cruzeiro Saf-MG
Luciano Castan da Silva,Luciano Castan,Cruzeiro Saf-MG
Luis Fernando Santos Oliveira,Luis Fernando,Cruzeiro Saf-MG
Luiz Filipe da Rosa Machado,Filipe Machado,Cruzeiro Saf-MG
Marlon Rodrigues Xavier,Marlon,Cruzeiro Saf-MG
Mateus da Silva Vital Assumpção,Mateus,Cruzeiro Saf-MG
Matheus Fellipe Costa Pereira,Matheus Pereira,Cruzeiro Saf-MG
Matheus Isaias dos Santos,Matheus,Cruzeiro Saf-MG
Maycon Vinicius Ferreira da Cruz,Nikao,Cruzeiro Saf-MG
Otavio Eleodoro Rezende Costa,OTAVIO,Cruzeiro Saf-MG
Paulo Vitor Fernandes Pereira,Paulo Vitor,Cruzeiro Saf-MG
Pedro Henrique Franklim da Silva,Pedrão,Cruzeiro Saf-MG
Rafael Bilu Mudesto,Bilu,Cruzeiro Saf-MG
Rafael Cabral Barbosa,Rafael Cabral,Cruzeiro Saf-MG
Rafael Elias da Silva,Rafael Papagaio,Cruzeiro Saf-MG
Ramiro Moschen Benetti,Ramiro,Cruzeiro Saf-MG
Rhuan Gabriel Rodrigues de Souza Silva,Rhuan Gabriel,Cruzeiro Saf-MG
Richard Candido Coelho,Richard,Time nao encontrado
Robert Vinicius Rodrigues Silva,Robert,Cruzeiro Saf-MG
Ruan Matheus Rodrigues Santos,Ruan Matheus,Cruzeiro Saf-MG
Ruan Silva Fonseca,RUAN,Cruzeiro Saf-MG
Stenio Zanetti Toledo,Stênio,Cruzeiro Saf-MG
Vitor Hugo Amorim de Assis,Vitor Hugo,Cruzeiro Saf-MG
Wallisson Luiz Alves Maximo,Wallisson,Time nao encontrado
Wesley David de Oliveira Andrade,Wesley,Cruzeiro Saf-MG
Wesley Ribeiro Silva,Wesley Ribeiro Silva,Cruzeiro Saf-MG
Weverton Silva de Andrade,Weverton,Cruzeiro Saf-MG
William de Asevedo Furtado,William,Cruzeiro Saf-MG
Alan Pereira Empereur,ALAN,Cuiabá Saf-MT
Allyson Aires dos Santos,Allyson,Cuiabá Saf-MT
Calebe Oliveira Costa,CALEBE,Cuiabá Saf-MT
Clayson Henrique da Silva Vieira,Clayson,Cuiabá Saf-MT
Denilson Alves Borges,Denilson,Cuiabá Saf-MT
Derik Gean Severino Lacerda,DERIK,Cuiabá Saf-MT
Deyverson Brum Silva,Deyverson,Cuiabá Saf-MT
Dyego Luis da Paz Nascimento,Dyego,Cuiabá Saf-MT
Eduardo Vinicius Rodrigues dos Santos,Eduardo,Cuiabá Saf-MT
Emerson Ramon Bezerra Oliveira,Emerson,Cuiabá Saf-MT
Fernando Pereira do Nascimento,Fernando,Cuiabá Saf-MT
Filipe Augusto Carvalho Souza,Filipe Augusto,Cuiabá Saf-MT
Gabryel Vinicius Araújo Freitas,Gabryel,Cuiabá Saf-MT
Gustavo Henrique Ribeiro de Moraes,Gustavo,Cuiabá Saf-MT
Isidro Miguel Pitta Saldivar,PITTA,Cuiabá Saf-MT
Itaro Patric Cardoso Calmon,Patric,Cuiabá Saf-MT
Iury Lirio Freitas de Castilho,Iury,Vitória-BA
Joao Carlos Heidemann,Joao Carlos,Cuiabá Saf-MT
João Victor Araújo Maraninir,JOÃO,Botafogo-SP
Joao Vitor Balbino Cordeiro,Joao Vitor Balbino Cordeiro,Cuiabá Saf-MT
Jonathan Renato Barbosa,Cafu,Cuiabá Saf-MT
Jose Ricardo Batista Cerqueira,RICARDO,Cuiabá Saf-MT
Juan Pablo Vilela Tavares,Juan Tavares,Cuiabá Saf-MT
Leonardo Augusto de Oliveira,Leo Oliveira,Cuiabá Saf-MT
Lucas Cardoso Moreira,Lucas Cardoso,Botafogo-SP
Lucas da Silva Izidoro,Lucas,Cuiabá Saf-MT
Luis Henrique Fonseca Soares,Luis,Cuiabá Saf-MT
Luiz Felipe Mathias Silva,Silva,Cuiabá Saf-MT
Marllon Goncalves Jeronimo Borges,Marllon,Cuiabá Saf-MT
Mateus da Silva Duarte,Matheusinho,Cuiabá Saf-MT
Matheus Alexandre Anastacio de Souza,Matheus Alexandre,Cuiabá Saf-MT
Matheus Jorge Martins dos Santos,Matheus Jorge,Cuiabá Saf-MT
Nicolas Quagliata Platero,Nicolas,Cuiabá Saf-MT
Nilton Amador de Oliveira Filho,Nilton,Cuiabá Saf-MT
Pablo Daniel Ceppelini Gatto,Pablo Ceppelini Gatto,Time nao encontrado
Pablo Henrique Almeida Silva,PABLO,Cuiabá Saf-MT
Rafael Gustavo Meneghel Gava,Rafael Gava,Avaí-SC
Raniele Almeida Melo,Raniele,Cuiabá Saf-MT
Renan Carrasco Veltri,Renan,Cuiabá Saf-MT
Rhyan Luca Carvalho de Arruda,RHYAN,Cuiabá Saf-MT
Rikelme Hernandes Amorim Rocha,RIKELME,Cuiabá Saf-MT
Ronald Barbosa Raposo,Ronald,Cuiabá Saf-MT
Ronald dos Santos Lopes,Ronald,Cuiabá Saf-MT
Tarcisio Lopes Dionizio Muniz,Tarcisio,Cuiabá Saf-MT
Tauan Gabriel da Silva Santos,TAUAN,Cuiabá Saf-MT
Thomas Ubisk da Silva,THOMAS,Cuiabá Saf-MT
Titto Teles Vasconcelos Mattos,TITTO,Cuiabá Saf-MT
Uendel Pereira Goncalves,Uendel,Cuiabá Saf-MT
Victor Matheus dos Santos Gonçalves,Victor Matheus,Cuiabá Saf-MT
Victor Yan Souza Santos,Victor Yan,Time nao encontrado
Vinicius Dorneles Teixeira,Vinicius Dorneles,Cuiabá Saf-MT
Vinicius Gonçalves Boff,Vinicius,Pouso Alegre-MG
Vinicius Pasquini Peruchi,PERUCHI,Cuiabá Saf-MT
Vinicius Teodoro Barreta Melo,Vinicius,Cuiabá Saf-MT
Walter Leandro Capeloza Artune,Walter,Cuiabá Saf-MT
Wellington Alves da Silva,Wellington Silva,Cuiabá Saf-MT
Aderbar Melo dos Santos Neto,Santos,Flamengo-RJ
Adriel Guilherme de Moraes,Adriel,Flamengo-RJ
Agustin Daniel Rossi,ROSSI,Flamengo-RJ
Andre Luiz Inacio da Silva,Andre,Time nao encontrado
Ayrton Lucas Dantas de Medeiros,Ayrton Lucas,Flamengo-RJ
Bruno Henrique Pinto,Bruno Henrique,Flamengo-RJ
Caio Vinicius Garcia Guilhen,Caio,Flamengo-RJ
Cleiton Santana dos Santos,CLEITON,Flamengo-RJ
Daniel dos Santos Sales,Daniel Sales,Flamengo-RJ
Daniel Rogerio de Oliveira,Daniel Rogerio,Flamengo-RJ
Darlan Batista Cobo da Silva,Darlan,Flamengo-RJ
David Luiz Moreira Marinho,David Luiz,Flamengo-RJ
Diego Damasceno dos Santos,Diego Santos,Flamengo-RJ
Erick Antonio Pulgar Farfan,Erick Pulgar,Flamengo-RJ
Euder Galdino da Silva,Euder,Flamengo-RJ
Everton Augusto de Barros Ribeiro,Éverton Ribeiro,Flamengo-RJ
Everton Sousa Soares,Everton,Flamengo-RJ
Evertton Gustavo Fernandes Araujo,Evertton,Flamengo-RJ
Fabricio Bruno Soares de Faria,Fabricio Bruno,Flamengo-RJ
Felipe de Almeida Lima,Felipe,Flamengo-RJ
Felipe Gabriel Cunha Teresa,FELIPE GABRIEL,Flamengo-RJ
Filipe Luis Kasmirski,Filipe Luís,Flamengo-RJ
Francisco Dyogo Bento Alves,Dyogo,Flamengo-RJ
Gabriel Barbosa Almeida,Gabriel Barbosa,Flamengo-RJ
Gerson Santos da Silva,Gerson,Flamengo-RJ
Giorgian Daniel de Arrascaeta Benedetti,De Arrascaeta,Flamengo-RJ
Guillermo Varela Olivera,Varela,Flamengo-RJ
Hugo de Souza Nogueira,Hugo,Time nao encontrado
Iago Teodoro Silva Nogueira,IAGO,Flamengo-RJ
Igor Jesus Lima,Igor Jesus,Flamengo-RJ
Jean Carlos da Silva Lima,Jean Carlos,Flamengo-RJ
Joao Marcos Garcia da Costa,Joao Marcos,Flamengo-RJ
Jose Welinton Campos Menezes,Zé Welinton,Flamengo-RJ
Leonardo Pereira,Leo Pereira,Flamengo-RJ
Lorran Lucas Pereira de Sousa,Lorran,Flamengo-RJ
Luiz de Araujo Guimaraes Neto,Luiz,Flamengo-RJ
Marcos Paulo Lima Batista Silva,Marcos Paulo,Flamengo-RJ
Mario Sergio Santos Costa,Marinho,Fortaleza-CE
Mateus Dias Lima,Mateusão,Time nao encontrado
Matheus Cunha Queiroz,Matheus Cunha,Flamengo-RJ
Matheus França de Oliveira,Matheus França,Time nao encontrado
Matheus Franca Silva,Matheuzinho,Flamengo-RJ
Matheus Gonçalves Martins,Matheus Gonçalves,Red Bull Bragantino-SP
Pablo Nascimento Castro,Pablo,Flamengo-RJ
Pedro Guilherme Abreu dos Santos,Pedro,Flamengo-RJ
Pedro Henrique Fonseca de Araujo Martins,Pedrinho,Flamengo-RJ
Petterson Novaes Reis,Petterson,Flamengo-RJ
Rayan Lucas Marques de Souza,Rayan Lucas,Flamengo-RJ
Rodrigo Caio Coquette Russo,Rodrigo Caio,Flamengo-RJ
Rodrigo Garcia de Lima Baz de Medeiros,Rodrigo,Flamengo-RJ
Thiago Maia Alencar,Thiago Maia,Flamengo-RJ
Victor Hugo Gomes Silva,Victor Hugo,Flamengo-RJ
Wallace Yan de Souza Barreto,Wallace Yan,Flamengo-RJ
Werton de Almeida Rego,Werton,Flamengo-RJ
Wesley Vinicius França Lima,Wesley,Flamengo-RJ
Agner Moura Izigethy de Souza,Agner,Fluminense-RJ
Alan Douglas Borges de Carvalho,Alan,Time nao encontrado
Alexandre de Jesus Jeruzalem Junior,Alexandre Jesus,Tombense-MG
Alexsander Cristhian Gomes da Costa,Alexsander,Fluminense-RJ
André Trindade da Costa Neto,André,Fluminense-RJ
Arthur Wenderrosky Sanches,ARTHUR,Fluminense-RJ
Caio Vinicius da Conceicao,Caio Vinicius,Fluminense-RJ
Claudio Rodrigues Gomes,Guga,Fluminense-RJ
Davi Duarte Schuindt,Davi Schuindt,Fluminense-RJ
David Braz de Oliveira Filho,David Braz,Fluminense-RJ
Diogo Barbosa Mendanha,Diogo Barbosa,Fluminense-RJ
Eder Maciel Lopes,Edinho,Avaí-SC
Erick Nunes Barbosa dos Santos,Erick,Fluminense-RJ
Fabio Deivson Lopes Maciel,Fabio,Fluminense-RJ
Felipe de Andrade Vieira,Felipe Andrade,Fluminense-RJ
Felipe Melo de Carvalho,Felipe Melo,Fluminense-RJ
Francisco Jose Freire de Freitas,Freitas,Fluminense-RJ
Gabriel Cordeiro Pirani,Gabriel Pirani,Time nao encontrado
German Ezequiel Cano,German Cano,Fluminense-RJ
Giovanni Manson Ribeiro,Giovanni,Fluminense-RJ
Gustavo Abreu Dohmann,Dohmann,Fluminense-RJ
Gustavo Ramalho Bremer Pinto,Gustavo Ramalho,Fluminense-RJ
Isaac Rodrigues de Lima,Isaac,Fluminense-RJ
Isaque Severino Silva,Isaque,Fluminense-RJ
Jhon Adolfo Arias Andrade,Jhon Arias,Fluminense-RJ
João Batista da Cruz Santos Neto,João Neto,Fluminense-RJ
João Henrique Mendes da Silva,João Henrique (Esquerdinha),Fluminense-RJ
John Kennedy Batista de Souza,John Kennedy,Fluminense-RJ
Julio Cesar Lima Fidelis,Julio Fidelis,Fluminense-RJ
Kauã Elias Nogueira,Kauã Elias,Fluminense-RJ
Kayky Henrique Almeida Brandão da Silva,Kayky Almeida,Fluminense-RJ
Kevyn Vinicius Medeiros de Freitas,Kevyn,Fluminense-RJ
Leanderson da Silva Genesio,Lelê,Fluminense-RJ
Leonardo Cecilio Fernandez Lopez,Leo Fernandez,Fluminense-RJ
Leonardo de Oliveira Jance,Leonardo,Fluminense-RJ
Luan de Freitas Molarinho Chagas,Luan Freitas,Londrina-PR
Lucas da Silva Justen,Justen,Fluminense-RJ
Luis Fernando Santos da Silva,Luis Fernando,Fluminense-RJ
Manoel Messias Silva Carvalho,Manoel,Fluminense-RJ
Marcelo Vieira da Silva Junior,Marcelo,Fluminense-RJ
Marcilio Florencio Mota Filho,Nino,Fluminense-RJ
Marcos da Silva Franca,Keno,Fluminense-RJ
Marlon Santos da Silva Barbosa,Marlon Santos,Fluminense-RJ
Marrony da Silva Liberato Silveira,Marrony,Time nao encontrado
Matheus dos Reis Francisco,Matheus Reis,Fluminense-RJ
Matheus Martinelli Lima,Martinelli,Fluminense-RJ
Paulo Henrique Chagas de Lima,PH GANSO,Fluminense-RJ
Pedro Felipe de Faria Rangel,Pedro Rangel,Fluminense-RJ
Rafael Monteiro Reis,Rafael Monteiro,Fluminense-RJ
Samuel Xavier Brito,Samuel Xavier,Fluminense-RJ
Thiago dos Santos,Thiago Santos,Fluminense-RJ
Thiago Henrique Gonçalves Silva,Thiago Henrique,Fluminense-RJ
Vinicius Moreira de Lima,Lima,Fluminense-RJ
Vitor Eudes de Souza Costa,Vitor Eudes,Fluminense-RJ
Vitor Mendes Alves,Vitor Mendes,Time nao encontrado
Yony Alexander Gonzalez Copete,Yony Gonzalez,Fluminense-RJ
Alexsandro Amorim de Freitas Filho,Alexsandro,Fortaleza-CE
Alix Vinicius de Souza Sampaio,Alix,Atlético-GO
Bernardo Schappo,Bernardo,Fortaleza-CE
Brayan Andres Ceballos Jimenez,Brayan Ceballos,Time nao encontrado
Bruno de Jesus Pacheco,Bruno Pacheco,Fortaleza-CE
Bruno Guimarães de Souza,Bruno,Fortaleza-CE
Caio Alexandre Sousa E Silva,Caio,Fortaleza-CE
Caio Dantas Batista de Maria,Caio Dantas,Fortaleza-CE
Calebe Gonçalves Ferreira da Silva,Calebe,Fortaleza-CE
Christian Chagas Tarouco,Christian,Fortaleza-CE
Emanuel Britez,Britez,Fortaleza-CE
Fabrício Dias Afonso,Fabrício,Fortaleza-CE
Fernando Miguel Kaufmann,Fernando Miguel,Fortaleza-CE
Geilson de Souza Alves,Geilson,Fortaleza-CE
Glaybson Yago Souza Lisbôa,Yago,Fortaleza-CE
Gonzalo Daniel Escobar,Escobar,Fortaleza-CE
Guilherme Augusto Vieira dos Santos,Guilherme Augusto,Fortaleza-CE
Guilherme de Jesus da Silva,Guilherme,Fortaleza-CE
Habraão Lincon do Nascimento Saraiva,Habraão,Abc-RN
Hercules Pereira do Nascimento,HERCULES,Fortaleza-CE
Imanol Javier Machuca,Machuca,Fortaleza-CE
Joao Ricardo Riedi,João Ricardo,Fortaleza-CE
Jose Romario Silva de Souza,Romarinho,Fortaleza-CE
José Welison da Silva,Welison,Fortaleza-CE
Juan Martin Lucero,Lucero,Fortaleza-CE
Kauan Rodrigues da Silva,Kauan,Fortaleza-CE
Kervin Mario Andrade Navarro,Kervin,Fortaleza-CE
Lucas de Figueiredo Crispim,Lucas Crispim,Fortaleza-CE
Lucas Esteves Souza,Lucas Esteves,Atlético-GO
Lucas Pacheco Affini,Lucas,Fortaleza-CE
Luis Eduardo Marques dos Santos,Dudu,Fortaleza-CE
Marcelo da Conceiçao Benevenuto Malaquias,Marcelo,Fortaleza-CE
Mauricio Kozlinski,Mauricio Kozlinski,Fortaleza-CE
Moises Vieira da Veiga,Moises,Time nao encontrado
Pedro Augusto Borges da Costa,Pedro,Fortaleza-CE
Pedro Rocha Neves,Pedro Rocha,Fortaleza-CE
Riquelme de Sousa Gomes Inacio,Riquelme,Fortaleza-CE
Sammuel Queiroz de Freitas,Sammuel,Atlético-GO
Silvio Ezequiel Romero,Silvio Romero,Fortaleza-CE
Thiago Galhardo do Nascimento Rocha,Thiago Galhardo,Fortaleza-CE
Tobias Pereira Figueiredo,Tobias,Fortaleza-CE
Tomas Pochettino,Pochettino,Fortaleza-CE
Vinicius Nelson de Souza Zanocelo,Zanocelo,Fortaleza-CE
Alesson dos Santos Batista,Alesson,Goiás-GO
Allano Brendon de Souza Lima,Allano,Goiás-GO
Anderson de Oliveira da Silva,Anderson,Goiás-GO
Ariel Felipe Gomes da Rosa,Ariel,Londrina-PR
Breno Herculano Almeida,Breno,Goiás-GO
Bruno Araujo Santos,Bruno,Goiás-GO
Bruno Ferreira Melo,Bruno,Goiás-GO
Daniel Camargo Nolasco,Nolasco,Goiás-GO
Denzel Nogueira Damasceno,DENZEL,Goiás-GO
Diego Goncalves,Diego,Goiás-GO
Eduardo Simioni,Simioni,Goiás-GO
Everton Morelli Casimiro,Morelli,Goiás-GO
Ezequiel Alves de Oliveira Vieira,Ezequiel,Goiás-GO
Fellipe Ramos Ignez Bastos,Fellipe Bastos,Avaí-SC
Gabriel Novaes Fernandes,Gabriel Novaes,Goiás-GO
Guilherme Costa Marques,Guilherme,Goiás-GO
Gustavo Xavier Teixeira,Xavier,Goiás-GO
Halerrandrio dos Santos Feitosa,Halerrandrio,Goiás-GO
Heron Crespo da Silva,Heron Crespo,Atlético-GO
Higor Matheus Meritao,Higor,Goiás-GO
Hugo Ferreira de Farias,Hugo,Goiás-GO
Jackson Diego Ibraim Fagundes,Jackson,Goiás-GO
Jhonny Lucas Flora Barboza,Jhonny,Vitória-BA
Joao Victo Magno de Souza Machado,Joao,Goiás-GO
Jose Ricardo Araujo Fernandes,Zé Ricardo,Tombense-MG
Julian Eduardo Palacios,Julian,Goiás-GO
Lucas Eduardo Ribeiro de Souza,Edu,Goiás-GO
Lucas Emmanuel Araujo Macedo,LUCAS,Aparecida Esporte Clube-GO
Lucas Halter,Halter,Goiás-GO
Luis Antonio Ferreira Rodrigues,Luis,Sport-PE
Luis Felipe Nascimento Miranda,Mina,Goiás-GO
Luis Felipe Oyama,Luis,Goiás-GO
Luiz Diallisson de Souza Alves,Apodi,Goiás-GO
Luiz Filipe dos Reis Silva,Luiz Filipe,Sao Bernardo Fc-SP
Magno Jose da Silva,Magno Jose,Goiás-GO
Marcelo Rangel Rosa,Rangel,Goiás-GO
Matheus Alves da Silva Cardoso,Matheus Alves,Goiás-GO
Matheus Barcelos da Silva,Matheus Babi,Goiás-GO
Matheus Santos Soares,Matheus,Mirassol-SP
Matheus Vieira Campos Peixoto,Matheus Peixoto,Atlético-GO
Nathan Melo Silva,Nathan,Abc-RN
Nicolas Godinho Johann,Nicolas,Ceará-CE
Pedro Junqueira de Oliveira,Pedrinho,Goiás-GO
Philippe Almeida Costa,Philippe,Goiás-GO
Raphael Gregorio Guzzo,Raphael Guzzo,Goiás-GO
Sander Henrique Bortolotto,Sander,Goiás-GO
Sidimar Fernando Cigolini,Sidimar,Goiás-GO
Tadeu Antonio Ferreira,Tadeu,Goiás-GO
Vinicius Rodrigues Adelino dos Santos,Vinicius,Goiás-GO
Vinicius Santos Silva,Vinicius,Goiás-GO
Wendell Silva Santos dos Santos,Wendell,Time nao encontrado
Willian Osmar de Oliveira Silva,Willian Oliveira,Goiás-GO
Aldemir dos Santos Ferreira,Ferreira,Grêmio-RS
Andre Henrique da Silva Martins,Andre,Grêmio-RS
Brenno Oliveira Fraga Costa,Brenno,Time nao encontrado
Bruno Fabiano Alves,Bruno Alves,Grêmio-RS
Bruno Uvini Bortolanca,Uvini,Grêmio-RS
Caique Luiz Santos da Purificacao,Caique,Grêmio-RS
Cassio Penafiel Acosta,Cássio,Grêmio-RS
Darlan Pereira Mendes,Darlan,Time nao encontrado
Diego de Souza Andrade,Diego Souza,Sport-PE
Everton Galdino Moreira,Galdino,Grêmio-RS
Fabio Pereira da Silva,Fabio,Grêmio-RS
Felipe Ignacio Carballo Ares,Carballo,Grêmio-RS
Felipe Mateus Scheibig,Felipe,Grêmio-RS
Franco Sebastian Cristaldo,Cristaldo,Grêmio-RS
Freddy Ariel Noguera Rolon,Freddy,Grêmio-RS
Gabriel Hamester Grando,Gabriel Grando,Grêmio-RS
Gustavo Cesar Mendonça Gravino,Gustavo,Grêmio-RS
Gustavo Martins de Souza Santos,G. Martins,Grêmio-RS
Gustavo Nunes Fernandes Gomes,Gustavo,Grêmio-RS
Igor Eduardo Schlemper,Igor,Grêmio-RS
Jhonata Robert Alves da Silva,Jhonata Robert,Grêmio-RS
Joao Paulo de Souza Mares,Bitello,Time nao encontrado
Joao Pedro Geraldino dos Santos Galvao,Joao Pedro,Grêmio-RS
Joao Pedro Maturano dos Santos,Joao Pedro,Grêmio-RS
Joao Pedro Ramos Oliveira Lima,Joao Ramos,Grêmio-RS
Joao Pedro Vilardi Pinto,Pepe,Grêmio-RS
Joao Vitor Araujo da Silva,Joao Vitor,Grêmio-RS
Jose Guilherme de Lima Costa,José Guilherme,Grêmio-RS
Josue Souza dos Santos,Josue,Grêmio-RS
Juan Manuel Iturbe Arevalos,Iturbe,Grêmio-RS
Lian dos Santos da Silva,Lian,Grêmio-RS
Luan Guilherme de Jesus Vieira,Luan,Grêmio-RS
Lucas Agustin Besozzi,Besozzi,Grêmio-RS
Lucas Eduardo Muller,Mila,Grêmio-RS
Luis Alberto Suarez Diaz,Suarez,Grêmio-RS
Luis Eduardo Soares da Silva,Cuiabano,Grêmio-RS
Luis Henrique Hoffmann,Zinho,Grêmio-RS
Mathias Adalberto Villasanti Rolon,Villasanti,Grêmio-RS
Nata Felipe de Amorim Santos,Nata,Grêmio-RS
Nathan Allan de Souza,Nathan,Grêmio-RS
Nathan Ribeiro Fernandes,Nathan,Grêmio-RS
Pedro Tonon Geromel,Geromel,Grêmio-RS
Reinaldo Manoel da Silva,Reinaldo,Grêmio-RS
Rodrigo Ely,R. Ely,Grêmio-RS
Ronald Barcellos Arantes,Ronald,Time nao encontrado
Ronald Cardoso Falkoski,Ronald,Grêmio-RS
Thiago Beltrame Stallbaum,Thiago Beltrame,Grêmio-RS
Thomas Luciano Trindade Lopes Mathias,Thomas Luciano,Time nao encontrado
Viery Fernandes Santos Lopes,Viery,Grêmio-RS
Vinicius Goes Barbosa de Souza,Vina,Time nao encontrado
Walter Kannemann,Kannemann,Grêmio-RS
Wesley Costa da Silva,Wesley,Grêmio-RS
Alan Patrick Lourenço,Alan Patrick,Internacional-RS
Alexandre Zurawski,Alexandre,Time nao encontrado
Allan Aniz Santos da Paixão,Allan,Internacional-RS
Anderson Santos Dias Gomes,ANDERSON,Internacional-RS
Anthoni Spier Souza,Anthoni,Internacional-RS
Antonio David Souza de Araujo,David,Internacional-RS
Bruno Henrique Corsini,Bruno,Internacional-RS
Carlos Maria de Pena Bonino,Carlos de Pena,Internacional-RS
Charles Mariano Aranguiz Sandoval,Aranguiz,Internacional-RS
Dalbert Henrique Chagas Estevão,Dalbert,Internacional-RS
Emerson Fabiano Kerber Junior,Emerson Junior,Internacional-RS
Enner Remberto Valencia Lastra,Valencia,Internacional-RS
Estevao Barreto de Oliveira,Estevao,Internacional-RS
Fabricio Tomas Bustos Sein,BUSTOS,Internacional-RS
Felipe de Souza Motta Marins,Felipe Motta,Red Bull Bragantino-SP
Gabriel Baralhas dos Santos,Gabriel  Baralhas,Atlético-GO
Gabriel Carvalho Teixeira,Gabriel,Internacional-RS
Gabriel de Sousa Barros,Gabriel Barros,Internacional-RS
Gabriel Girotto Franco,Gabriel,Internacional-RS
Gabriel Ivan Mercado,Gabriel Mercado,Internacional-RS
Guilherme de Jesus Lima,GUILHERME,Internacional-RS
Gustavo Campanharo,Gustavo,Internacional-RS
Gustavo Prado Alves,Gustavo,Internacional-RS
Hugo Mallo Novegil,Hugo Mallo,Internacional-RS
Igor Gomes Silva,Igor Gomes,Internacional-RS
Jean Dias da Costa,Jean Dias,Internacional-RS
Jhonatan Kauan Eleoterio Diogo,JHONATAN,Internacional-RS
Joao Lucas de Souza Cardoso,Joao Lucas,Internacional-RS
Joao Paulo Dalla Corte,Dalla Corte,Internacional-RS
Joao Pedro Dias de Oliveira,Joao Pedro,Internacional-RS
John Victor Maciel Furtado,John,Time nao encontrado
Kauan Jesus Santos Oliveira,Kauan,Internacional-RS
Keiller da Silva Nunes,Keiller,Internacional-RS
Luan Jesus Mendes de Lima,Luan,Internacional-RS
Lucas de Ramos Silveira,Lucas Ramos,Internacional-RS
Lucca Holanda Sampaio Tavares,Lucca,Internacional-RS
Luiz Adriano Souza da Silva,Luiz Adriano,Internacional-RS
Matheus dos Santos Dias,Matheus,Internacional-RS
Matteo Amaral Amoroso dos Santos,Matteo,Internacional-RS
Mauricio Magalhaes Prado,Mauricio,Internacional-RS
Nicolas Hernandez Rodriguez,Nicolas Hernandez,Internacional-RS
Pedro Henrique Konzen Medina da Silva,Pedro,Internacional-RS
Rene Rodrigues Martins,Rene,Internacional-RS
Ricardo Mathias da Silva,Ricardo,Internacional-RS
Riquelmy de Oliveira Santos,Riquelmy,Internacional-RS
Rodrigo Modesto da Silva Moledo,Moledo,Internacional-RS
Romulo Zanre Zwarg,Romulo,Internacional-RS
Sergio Ramon Rochet Alvarez,Rochet,Internacional-RS
Thauan Lara dos Santos,Thauan Lara,Internacional-RS
Vinicius de Souza Alves,Vinicius Souza,Internacional-RS
Vinicius Rangel da Silva,Vinicius Rangel,Time nao encontrado
Vitor Eduardo da Silva Matos,Vitão,Internacional-RS
Wanderson Maciel Sousa Campos,WANDERSON,Internacional-RS
Allan Andrade Elias,Allan,Palmeiras-SP
Artur Victor Guimaraes,Artur,Palmeiras-SP
Breno Henrique Vasconcelos Lopes,Breno,Palmeiras-SP
Bruno Vinicius Souza Ramos,Bruno,Time nao encontrado
David Kauã Ramos,David,Palmeiras-SP
Edney Henrique Santos da Silva,EDNEY,Palmeiras-SP
Eduard Andres Atuesta Velasco,Atuesta,Palmeiras-SP
Eduardo Pereira Rodrigues,Dudu,Palmeiras-SP
Endrick Felipe Moreira de Sousa,Endrick,Palmeiras-SP
Estevao Willian Almeida de Oliveira Goncalves,Estevão,Palmeiras-SP
Fabio Silva de Freitas,Fabinho,Palmeiras-SP
Gabriel dos Santos Silva,Gabriel (Vareta),Palmeiras-SP
Gabriel Vinicius Menino,Gabriel Menino,Palmeiras-SP
Gilberto Junior Leite dos Santos,Gilberto,Palmeiras-SP
Giovani Henrique Amorim da Silva,Giovani,Time nao encontrado
Gustavo Garcia dos Santos,Gustavo Garcia,Palmeiras-SP
Gustavo Raul Gomez Portillo,Gustavo Gomez,Palmeiras-SP
Ian Custodio dos Anjos,Ian,Palmeiras-SP
Jailson Marques Siqueira,Jailson,Palmeiras-SP
Jhonatan dos Santos Rosa,Jhon Jhon,Palmeiras-SP
Joaquin Piquerez Moreira,Joaquin Piquerez,Palmeiras-SP
Jose Manuel Alberto Lopez,Lopez,Palmeiras-SP
Jose Rafael Vivian,Ze Rafael,Palmeiras-SP
Kaiky Marques Naves,Kaiky,Palmeiras-SP
Kaique Pereira Azarias,Kaique,Palmeiras-SP
Kauan Santos Silva,Kauan Santos,Palmeiras-SP
Kevin Santos Lopes de Macedo,Kevin,Palmeiras-SP
Leonardo de Azevedo Silva,Leonardo,Palmeiras-SP
Luan Garcia Teixeira,Luan Garcia,Palmeiras-SP
Luighi Hanri Sousa Santos,Luighi,Palmeiras-SP
Luis Guilherme Lira dos Santos,Luis Guilherme,Palmeiras-SP
Marcelo Lomba do Nascimento,Marcelo Lomba,Palmeiras-SP
Marcos Luis Rocha Aquino,Marcos Rocha,Palmeiras-SP
Mateus Oliveira Mendes,Mateus Oliveira,Palmeiras-SP
Mayke Rocha de Oliveira,Mayke,Palmeiras-SP
Michel Augusto Modesto Rafael dos Santos,Michel,Palmeiras-SP
Murilo Cerqueira Paim,Murilo,Palmeiras-SP
Pedro Lima Barros,Pedro Lima,Time nao encontrado
Rafael Navarro Leal,Rafael Navarro,Time nao encontrado
Raphael Cavalcante Veiga,Raphael Veiga,Palmeiras-SP
Richard Rios Montoya,Richard Rios,Palmeiras-SP
Riquelme Fillipi Marinho de Souza,Riquelme,Palmeiras-SP
Ronielson da Silva Barbosa,Rony,Palmeiras-SP
Thalys Henrique Gomes de Araujo,THALYS,Palmeiras-SP
Vanderlan Barbosa da Silva,Vanderlan,Palmeiras-SP
Vinicius Silvestre da Costa,Vinicius,Time nao encontrado
Vitor de Oliveira Nunes dos Reis,Vitor Reis,Palmeiras-SP
Vitor dos Santos Figueiredo,Figueiredo,Palmeiras-SP
Weverton Pereira da Silva,Weverton,Palmeiras-SP
Aderlan de Lima Silva,Aderlan,Red Bull Bragantino-SP
Alerrandro Barra Mansa Realino de Souza,Alerrandro,Red Bull Bragantino-SP
André Cardoso da Silva Junior,André Jr.,Red Bull Bragantino-SP
Bruno Conceicao Praxedes,Praxedes,Vasco da Gama S.a.f.-RJ
Bruno Gonçalves de Jesus,Bruninho,Red Bull Bragantino-SP
Cleiton Schwengber,Cleiton,Red Bull Bragantino-SP
Eduardo Colcenti Antunes,Eduardo Sasha,Red Bull Bragantino-SP
Eduardo Gonzaga Mendes Santos,Eduardo,Red Bull Bragantino-SP
Eric dos Santos Rodrigues,Eric Ramires,Red Bull Bragantino-SP
Everton Tiago Barella de Souza Messias,Everton,Red Bull Bragantino-SP
Fabricio Oliveira de Souza,Fabricio,Red Bull Bragantino-SP
Gabriel Caetano Godoy de Andrade,Caetano,Red Bull Bragantino-SP
Gabriel da Silva Moyses,Gabriel,Red Bull Bragantino-SP
Guilherme Lopes de Almeida,Guilherme,Red Bull Bragantino-SP
Gustavo Henrique da Silva,Gustavo Henrique,Red Bull Bragantino-SP
Gustavo Reis de Alcantara,Gustavo Reis,Red Bull Bragantino-SP
Gustavo Ribeiro Neves,Gustavinho,Red Bull Bragantino-SP
Helio Junio Nunes de Castro,Helinho,Red Bull Bragantino-SP
Henry David Mosquera Sanchez,Henry Mosquera,Red Bull Bragantino-SP
Ignacio Jesus Laquintana Marsico,Nacho Laquintana,Red Bull Bragantino-SP
Jadsom Meemyas de Oliveira da Silva,Jadsom Silva,Red Bull Bragantino-SP
Jhonny Cardinoti Pedro,Jhonny,Red Bull Bragantino-SP
João Douglas de Sousa Silva,João Douglas,Red Bull Bragantino-SP
João Luiz da Silva Cipriano,Cipriano,Red Bull Bragantino-SP
Joao Vitor Vallony da Silva,Da Silva,Red Bull Bragantino-SP
Jose Andres Hurtado Cheme,Andres Hurtado,Red Bull Bragantino-SP
Kauan Martins Chagas,Kauan,Red Bull Bragantino-SP
Kawe Ferreira Godoy Viana,Kawe,Red Bull Bragantino-SP
Kevin Joel Lomonaco,Kevin,Time nao encontrado
Leonardo Javier Realpe Montaño,Léo Realpe,Red Bull Bragantino-SP
Leonardo Rech Ortiz,Léo Ortiz,Red Bull Bragantino-SP
Luan Candido de Almeida,Luan Candido,Red Bull Bragantino-SP
Luan Patrick Wiedthauper,Luan Patrick,Red Bull Bragantino-SP
Lucas Alexandre Galdino de Azevedo,Lucão,Red Bull Bragantino-SP
Lucas de Souza Cunha,Lucas Cunha,Red Bull Bragantino-SP
Lucas Evangelista Santana de Oliveira,Evangelista,Red Bull Bragantino-SP
Lucas Rafael Gonçalves da Silva,Lucas Rafael,Red Bull Bragantino-SP
Luis Antonio da Rocha Junior,J. Capixaba,Red Bull Bragantino-SP
Marcelo Braz da Silva,Marcelo,Red Bull Bragantino-SP
Marcos Vinicios Lopes Moura,Sorriso,Red Bull Bragantino-SP
Matheus Fernandes Siqueira,Matheus Fernandes,Red Bull Bragantino-SP
Maycon Cleiton de Paula Azevedo,Maycon,Red Bull Bragantino-SP
Natan Bernardo de Souza,Natan,Time nao encontrado
Nathan Camargo dos Santos,Nathan Camargo,Red Bull Bragantino-SP
Raul Lô Gonçalves,Raul,Red Bull Bragantino-SP
Talisson de Almeida,Talisson,Red Bull Bragantino-SP
Thiago Nicolas Borbas Silva,Thiago Borbas,Red Bull Bragantino-SP
Vinicius Mendonca Pereira,Vinicinho,Red Bull Bragantino-SP
Vitor Hugo Naum dos Santos,Vitinho,Red Bull Bragantino-SP
Werik Silva Pinto,Werik Popó,Time nao encontrado
Wesley Gabriel Freire Arcanjo,Wesley,Red Bull Bragantino-SP
Yani David Quintero Rivas,Yani Quintero,Red Bull Bragantino-SP
Alex de Oliveira Nascimento,Alex,Santos-SP
Alfredo Jose Morelos Avilez,Morelos,Santos-SP
Alison Lopes Ferreira,Alison,Santos-SP
Angelo Gabriel Borges Damaceno,Ângelo,Time nao encontrado
Breno Silvano Sossai,Breno,Santos-SP
Bruno Ferreira Mombra Rosa,Bruno Mezenga,Santos-SP
Carlos Eduardo Bertolassi da Silva,Cadu Silva,Santos-SP
Daniel Felipe Ruiz Rivera,Daniel Ruiz,Time nao encontrado
Deivid Washington de Souza Eugenio,Deivid Washington,Time nao encontrado
Diogenes Vinicius da Silva,Diogenes,Santos-SP
Douglas Moreira Fagundes,Dodi,Santos-SP
Ed Carlos de Arruda Amorim,Ed Carlos,Santos-SP
Eduardo Gabriel dos Santos Bauermann,Eduardo,Time nao encontrado
Felipe Jonatan Rocha Andrade,Felipe,Santos-SP
Gabriel de Souza Inocencio,Gabriel,Santos-SP
Guilherme de Aguiar Camacho,Camacho,Santos-SP
Gustavo Nonato Santana,Nonato,Santos-SP
Ivonei Junior da Silva Rabelo,Ivonei,Botafogo-SP
Jair Paula da Cunha Filho,Jair Paula,Santos-SP
Jean Lucas de Souza Oliveira,Jean,Santos-SP
Joao Lucas de Almeida Carvalho,Joao,Santos-SP
Joao Othavio Basso,Joao,Santos-SP
Joao Paulo Silva Martins,Joao Paulo,Santos-SP
Joao Victor de Amorim Marinho,Balao,Santos-SP
Joaquim Henrique Pereira Silva,Joaquim,Santos-SP
John Steven Mendoza Valencia,Mendoza,Santos-SP
Julio Cesar Furch,Julio Furch,Santos-SP
Kevyson Costa E Silva,Kevyson,Santos-SP
Luan Dias da Silva,Luan,Santos-SP
Lucas Braga Ribeiro,Lucas,Santos-SP
Lucas Pires Silva,Lucas Pires,Time nao encontrado
Lucas Rafael Araujo Lima,Lucas Lima,Santos-SP
Luiz Felipe do Nascimento dos Santos,Luiz Felipe,Atlético-GO
Maicon Pereira Roque,Maicon,Vasco da Gama S.a.f.-RJ
Marcos Leonardo Santos Almeida,Marcos Leonardo,Santos-SP
Maximiliano Joaquin Silvera Cabo,Maximiliano,Santos-SP
Messias Rodrigues da Silva Junior,Messias,Santos-SP
Miguel Angel Terceros Acuna,Miguel,Santos-SP
Nathan Santos de Araújo,Nathan,Time nao encontrado
Paulo Mazoti Azevedo,Paulo,Santos-SP
Pedro Henrique Cunha Scaramussa,Pedro Henrique,Santos-SP
Renyer Luan de Oliveira Damasceno,Renyer,Santos-SP
Rodrigo Fernandez Cedres,Rodrigo,Santos-SP
Sandry Roberto Santos Goes,Sandry,Santos-SP
Tomás Eduardo Rincón Hernández,Tomás Rincón,Santos-SP
Uilson de Souza Paula Junior,Junior Caiçara,Santos-SP
Vinicius Balieiro Lourenco de Carvalho,Vinicius,Ituano-SP
Vladimir Orlando Cardoso de Araujo Filho,Vladimir,Santos-SP
Weslley Pinto Batista,Weslley,Santos-SP
Yeferson Julio Soteldo Martinez,Yeferson Soteldo,Santos-SP
Alan Javier Franco,Alan Franco,São Paulo-SP
Alexandre Rodrigues da Silva,Alexandre Pato,São Paulo-SP
Alisson Euler de Freitas Castro,Alisson,São Paulo-SP
Caio Fernando de Oliveira,Caio Paulista,São Paulo-SP
Caio Matheus da Silva,CAIO,São Paulo-SP
David Correa da Fonseca,David,São Paulo-SP
Diego Henrique Costa Barbosa,Diego,São Paulo-SP
Erison Danilo de Souza,Erison,São Paulo-SP
Felipe Alves Raymundo,Felipe,São Paulo-SP
Felipe Negrucci Berdague,Felipe,São Paulo-SP
Gabriel Neves Perdomo,Gabriel Neves,São Paulo-SP
Giuliano Galoppo,Galoppo,São Paulo-SP
Guilherme Batista da Silva Americo,Guilherme Batista,São Paulo-SP
Iba Ly,Iba Ly,São Paulo-SP
Igor Vinicius de Souza,Igor,São Paulo-SP
James David Rodriguez Rubio,James Rodriguez,São Paulo-SP
Jandrei Chitolina Carniel,Jandrei,São Paulo-SP
Jhegson Sebastian Mendez Carabali,Sebastian Mendez,São Paulo-SP
João Moreira Sanmartin Souza,João Moreira,São Paulo-SP
João Pedro Pantiga Gomes,João Pedro,São Paulo-SP
Jonathan Calleri,Calleri,São Paulo-SP
Juan Santos da Silva,Juan,São Paulo-SP
Leandro Mathias Silva Bueno,Leandro,São Paulo-SP
Luan Vinicius da Silva Santos,Luan Silva,São Paulo-SP
Lucas Lopes Beraldo,Beraldo,São Paulo-SP
Lucas Rodrigues Moura da Silva,Lucas,São Paulo-SP
Luciano da Rocha Neves,Luciano,São Paulo-SP
Luis Manuel Orejuela Garcia,Orejuela,Time nao encontrado
Marcio Rafael Ferreira de Souza,Rafinha,São Paulo-SP
Marcos Paulo Costa do Nascimento,Marcos Paulo,São Paulo-SP
Marques Rickelme Cabral Barbosa,Marques Rickelme,São Paulo-SP
Matheus Jose Belem de Souza,Matheus,São Paulo-SP
Michel Daryl Araujo Villar,Michel Araujo,São Paulo-SP
Nahuel Adolfo Ferraresi Hernandez,Ferraresi,São Paulo-SP
Nathan Gabriel de Souza Mendes,Nathan,São Paulo-SP
Pablo Gonçalves Maia Fortunato,Pablo,São Paulo-SP
Patryck Lanza dos Reis,Patryck,São Paulo-SP
Pedro Veronez Vilhena,Pedrinho,São Paulo-SP
Rafael Pires Monteiro,Rafael,São Paulo-SP
Rai dos Reis Ramos,Rai,São Paulo-SP
Robert Abel Arboleda Escobar,Arboleda,São Paulo-SP
Rodrigo Huendra Almeida Mendonça,RODRIGUINHO,São Paulo-SP
Rodrigo Nestor Bertalia,Rodrigo Nestor,São Paulo-SP
Ryan Francisco Rodrigues dos Santos Silva,Ryan Francisco,São Paulo-SP
Talles Macedo Toledo Costa,Talles Costa,São Paulo-SP
Talles Wander Santos Ribeiro,Talles,São Paulo-SP
Walce da Silva Costa Filho,Walce,São Paulo-SP
Welington Damascena Santos,Welington,São Paulo-SP
Wellington Soares da Silva,Wellington Rato,São Paulo-SP
William Gomes Carvalho Santos,William,São Paulo-SP
Young Navarro Moraes,Yang,São Paulo-SP
Ythallo Ryckelm Rodrigues de Oliveira,Ythallo,São Paulo-SP
Alex Teixeira Santos,Alex Teixeira,Vasco da Gama S.a.f.-RJ
Andrey Nascimento dos Santos,Andrey Santos,Time nao encontrado
Carlos Eduardo Piekny Neves,Cadu Neves,Vasco da Gama S.a.f.-RJ
Carlos Sebastian Ferreira Vidal,Sebastian Ferreira,Vasco da Gama S.a.f.-RJ
Cauã Paixão Souza,Paixão,Vasco da Gama S.a.f.-RJ
Cauan Lucas Barros da Luz,Barros,Vasco da Gama S.a.f.-RJ
Dimitri Payet,Payet,Vasco da Gama S.a.f.-RJ
Eguinaldo de Sousa Lemos,Eguinaldo,Time nao encontrado
Erick Marcus dos Santos Oliveira do Carmo,Erick Marcus,Vasco da Gama S.a.f.-RJ
Gabriel Dias de Oliveira,Gabriel Dias,Vasco da Gama S.a.f.-RJ
Gabriel Fortes Chaves,Gabriel Pec,Vasco da Gama S.a.f.-RJ
Gary Alexis Medel Soto,Medel,Vasco da Gama S.a.f.-RJ
Hedhe Halls Rocha da Silva,Halls,Vasco da Gama S.a.f.-RJ
Horacio Gabriel Carabajal,Carabajal,Time nao encontrado
Ivan Quaresma da Silva,Ivan,Vasco da Gama S.a.f.-RJ
Jair Rodrigues Junior,Jair,Vasco da Gama S.a.f.-RJ
Jefferson Junio Antonio da Silva,Jefferson Junio,Vasco da Gama S.a.f.-RJ
João Pedro Murilo de Paula Morais,João Pedro,Vasco da Gama S.a.f.-RJ
Jose Gabriel dos Santos Silva,Zé Gabriel,Vasco da Gama S.a.f.-RJ
Jose Luis Rodriguez Bebanz,Puma Rodriguez,Vasco da Gama S.a.f.-RJ
Jose Vitor Geminiano Cavalieri,Zé Vitor,Vasco da Gama S.a.f.-RJ
Leandro Viana da Silva Gama,Leandro Viana,Vasco da Gama S.a.f.-RJ
Leonardo Cesar Jardim,Leo Jardim,Vasco da Gama S.a.f.-RJ
Leonardo Gomes da Silva Jaco,Leonardo,Vasco da Gama S.a.f.-RJ
Leonardo Pinheiro da Conceicao,Léo,Vasco da Gama S.a.f.-RJ
Luca Nicolas Orellano,Orellano,Vasco da Gama S.a.f.-RJ
Lucas Eduardo de Souza Oliveira,Lucas Eduardo,Vasco da Gama S.a.f.-RJ
Lucas Figueiredo dos Santos,Figueiredo,Vasco da Gama S.a.f.-RJ
Lucas Piton Crivellaro,Lucas Piton,Vasco da Gama S.a.f.-RJ
Lyncon Correa Gonçalves,Lyncon,Vasco da Gama S.a.f.-RJ
Manuel Vicente Capasso,Capasso,Vasco da Gama S.a.f.-RJ
Marlon dos Santos Pinto,Marlon,Vasco da Gama S.a.f.-RJ
Marlon Gomes Claudino,Marlon Gomes,Vasco da Gama S.a.f.-RJ
Mateus Carvalho dos Santos,Mateus Carvalho,Vasco da Gama S.a.f.-RJ
Matheus dos Santos Miranda,Miranda,Vasco da Gama S.a.f.-RJ
Matheus Gabriel Julião Damasceno,Matheus,Vasco da Gama S.a.f.-RJ
Matias Galarza Fonda,Matias Galarza,Club Atletico Talleres-RJ
Pablo de Paula Cardoso,Pablo de Paula,Vasco da Gama S.a.f.-RJ
Pablo Ezequiel Vegetti,Vegetti,Vasco da Gama S.a.f.-RJ
Patrick de Lucca Chaves de Oliveira,de Lucca,Vasco da Gama S.a.f.-RJ
Patrick Paixão Sumas Costa,Patrick,Time nao encontrado
Paulo Henrique de Oliveira Alves,Paulo Henrique,Vasco da Gama S.a.f.-RJ
Paulo Lucas Santos de Paula,Paulinho,Vasco da Gama S.a.f.-RJ
Paulo Ricardo de Souza Babilonia,Paulinho,Vasco da Gama S.a.f.-RJ
Paulo Victor de Almeida Barbosa,Paulo Victor,Ceará-CE
Pedro Raul Garay da Silva,Pedro Raul,Time nao encontrado
Ray Breno Silva Valentim,Ray,Vasco da Gama S.a.f.-RJ
Rayan Vitor Simplício Rocha,Rayan,Vasco da Gama S.a.f.-RJ
Riquelme de Carvalho Araujo Viana,Riquelme,Vasco da Gama S.a.f.-RJ
Robson Alves de Barros,Robson,Vasco da Gama S.a.f.-RJ
Rodrigo Alves de Holanda Santos,Rodrigo,Londrina-PR
Rosicley Pereira da Silva,Rossi,Vasco da Gama S.a.f.-RJ
Rwan Philipe Rodrigues de Souza Cruz,Rwan,Time nao encontrado
Sergio Antonio da Luz Junior,Serginho,Vasco da Gama S.a.f.-RJ
Victor Araujo de Alencar Oliveira,Victor Araujo,Vasco da Gama S.a.f.-RJ
Vinicius dos Santos de Oliveira Paiva,Vinicius,Time nao encontrado
